US,United States,2022-11-05,II Festival
US,United States,2024-07-03,JJ Festival
US,United States,2024-09-05,kk Festival
US,United States,2023-02-03,LL Festival
US,United States,2021-05-18,MM Festival
US,United States,2022-06-12,NN Festival
US,United States,2021-08-05,KK Festival
US,United States,2023-10-03,OO Festival
CN,China,2021-02-01,Spring Festival
CN,China,2021-08-15,Mid-Autumn Festival
CN,China,2023-05-05,Dragon Boat Festival
CN,China,2024-04-03,Qingming Festival
CN,China,2021-05-01,May Day
CN,China,2021-06-01,Children's day
US,United States,2023-05-05,AA Festival
US,United States,2024-04-03,BB Festival
US,United States,2021-01-05,CC Festival
US,United States,2021-04-03,DD Festival
US,United States,2021-05-05,EE Festival
US,United States,2021-06-03,FF Festival
US,United States,2021-07-03,ccc Festival
US,United States,2022-05-05,GG Festival
